1,akash
2,mahesh
3,rajesh
4,ram
5,virat
6,ben
7,tom
8,kane
9,abd
10,roman
11,steven
13,king
14,williams
15,david
16,valli
17,nenna
18,alex
19,bruce
20,jerry
21,micheal
22,ben
23,akash
24,mahesh
25,jos
26,glenn
27,smith
29,maxwell
30,sky
31,tim
32,warner
33,finch
34,martin
35,enimem
36,zack
37,jack
38,sundar
38,root
39,stokes
40,ram
41,akash
42,mahesh
33,rajesh
44,ram
45,virat
46,ben
47,tom
48,kane
49,abd
50,roman
51,steven
53,king
54,williams
55,david
56,alli
573,nenna
584,alex
594,bruce
604,jerry
614,micheal
624,ben
634,akash
644,mahesh
654,jos
664,glenn
674,smith
69,maxwell
604,sky
714,tim
724,warner
